Average Input Nonzero Ratio,Average Conductance Value
0.02551110585530599,4.650762275559828e-05
