Average Input Nonzero Ratio,Average Conductance Value
0.5312152438693577,4.5134711399441585e-05
