Average Input Nonzero Ratio,Average Conductance Value
0.4110550085703532,4.3339743569958955e-05
