Average Input Nonzero Ratio,Average Conductance Value
0.02371954917907715,4.340108353062533e-05
