Average Input Nonzero Ratio,Average Conductance Value
0.06089135011037191,4.731915032607503e-05
