Average Input Nonzero Ratio,Average Conductance Value
0.20297698179880777,4.787232683156617e-05
