Average Input Nonzero Ratio,Average Conductance Value
0.07213370005289714,4.541458110907115e-05
