Average Input Nonzero Ratio,Average Conductance Value
0.37623341878255206,7.597756848554127e-05
