Average Input Nonzero Ratio,Average Conductance Value
0.05463560422261556,4.472026557778008e-05
