Average Input Nonzero Ratio,Average Conductance Value
0.06602978706359863,4.700987665273715e-05
