Average Input Nonzero Ratio,Average Conductance Value
0.06840244928995769,4.8306268581654876e-05
