Average Input Nonzero Ratio,Average Conductance Value
0.5312152438693577,1.0563441037447774e-05
