Average Input Nonzero Ratio,Average Conductance Value
0.053941806157430015,8.17224804450234e-06
