Average Input Nonzero Ratio,Average Conductance Value
0.37144724527994794,1.2384815818222705e-05
