Average Input Nonzero Ratio,Average Conductance Value
0.07339390118916829,8.461068546239403e-06
