Average Input Nonzero Ratio,Average Conductance Value
0.062023321787516274,8.501057664034306e-06
