Average Input Nonzero Ratio,Average Conductance Value
0.18991655111312866,8.576883033128979e-06
