Average Input Nonzero Ratio,Average Conductance Value
0.053284406661987305,3.415227126879472e-06
