Average Input Nonzero Ratio,Average Conductance Value
0.0691688855489095,3.5940627753916488e-06
