Average Input Nonzero Ratio,Average Conductance Value
0.0613479216893514,3.5438924328445864e-06
