Average Input Nonzero Ratio,Average Conductance Value
0.07186547915140788,3.5282443491269078e-06
