Average Input Nonzero Ratio,Average Conductance Value
0.18991655111312866,3.5735630490307813e-06
