Average Input Nonzero Ratio,Average Conductance Value
0.07173792521158855,3.4510946420596156e-06
