Average Input Nonzero Ratio,Average Conductance Value
0.37028757731119794,5.063623689238739e-06
