Average Input Nonzero Ratio,Average Conductance Value
0.005991955192721619,3.526437239997904e-06
