Average Input Nonzero Ratio,Average Conductance Value
0.027410429351183832,4.2424765638315876e-06
