Average Input Nonzero Ratio,Average Conductance Value
0.01879247354001415,3.5503134085956845e-06
