Average Input Nonzero Ratio,Average Conductance Value
0.13903322998358278,6.217132863639563e-06
