Average Input Nonzero Ratio,Average Conductance Value
0.046330101635991314,1.0538805895521364e-05
