Average Input Nonzero Ratio,Average Conductance Value
0.13903322998358278,1.0376455634286685e-05
