Average Input Nonzero Ratio,Average Conductance Value
0.009423703563456634,6.881048420837033e-06
