Average Input Nonzero Ratio,Average Conductance Value
0.027961692031548947,7.064336045914388e-06
