Average Input Nonzero Ratio,Average Conductance Value
0.027410429351183832,1.1722708450179198e-05
