Average Input Nonzero Ratio,Average Conductance Value
0.006700360045141103,6.531173539769952e-06
