Average Input Nonzero Ratio,Average Conductance Value
0.031756576226682084,4.546060495158599e-06
