Average Input Nonzero Ratio,Average Conductance Value
0.11983429655736806,4.598658222221275e-06
