Average Input Nonzero Ratio,Average Conductance Value
0.047010869395976165,5.137875518812507e-06
