Average Input Nonzero Ratio,Average Conductance Value
0.02593980516706194,5.8043369790539145e-06
