Average Input Nonzero Ratio,Average Conductance Value
0.046330101635991314,8.485696412208199e-06
