Average Input Nonzero Ratio,Average Conductance Value
0.022567943650849014,1.0012273492066015e-05
