Average Input Nonzero Ratio,Average Conductance Value
0.13467346892064933,3.855999239021912e-06
