Average Input Nonzero Ratio,Average Conductance Value
0.052967071533203125,1.8792789887811523e-05
