Average Input Nonzero Ratio,Average Conductance Value
0.4538326912185772,2.0881111595372204e-05
