Average Input Nonzero Ratio,Average Conductance Value
0.12717051408728774,9.683271287030948e-06
