Average Input Nonzero Ratio,Average Conductance Value
0.10003576473313934,3.975608895719536e-06
