Average Input Nonzero Ratio,Average Conductance Value
0.015689246508539936,2.900767412938876e-06
