Average Input Nonzero Ratio,Average Conductance Value
0.014919650797941246,5.596104680686646e-06
