Average Input Nonzero Ratio,Average Conductance Value
0.006243686286770568,7.448961885832735e-06
