Average Input Nonzero Ratio,Average Conductance Value
0.031742037559042174,6.830375222458922e-06
