Average Input Nonzero Ratio,Average Conductance Value
0.046570330250019935,6.2437415143297885e-06
