Average Input Nonzero Ratio,Average Conductance Value
0.022519676052794167,9.900710760272583e-06
