Average Input Nonzero Ratio,Average Conductance Value
0.006357854726363202,4.498701760743036e-06
