Average Input Nonzero Ratio,Average Conductance Value
0.052196113430723855,1.0886105940244306e-05
