Average Input Nonzero Ratio,Average Conductance Value
0.02580884038185587,4.102104905238472e-06
