Average Input Nonzero Ratio,Average Conductance Value
0.027817706672512755,8.469957473759374e-06
