Average Input Nonzero Ratio,Average Conductance Value
0.12717051408728774,7.200133457748355e-06
