Average Input Nonzero Ratio,Average Conductance Value
0.02916698066555724,5.709174464148721e-06
