Average Input Nonzero Ratio,Average Conductance Value
0.02916698066555724,1.2844896768153072e-05
