Average Input Nonzero Ratio,Average Conductance Value
0.015292887784996812,6.404315797681193e-06
