Average Input Nonzero Ratio,Average Conductance Value
0.11839198093025052,3.0691790395091325e-06
