Average Input Nonzero Ratio,Average Conductance Value
0.010965230513592156,9.529336978175706e-06
