Average Input Nonzero Ratio,Average Conductance Value
0.052196113430723855,8.024415516653486e-06
