Average Input Nonzero Ratio,Average Conductance Value
0.052227020263671875,4.098563628455546e-05
