Average Input Nonzero Ratio,Average Conductance Value
0.006378407381018814,5.9322559309293865e-08
