Average Input Nonzero Ratio,Average Conductance Value
0.010619416528818558,8.750251367928286e-08
