Average Input Nonzero Ratio,Average Conductance Value
0.025813268155467754,5.8231275801290394e-08
