Average Input Nonzero Ratio,Average Conductance Value
0.014895380759725766,7.053353456853984e-08
