Average Input Nonzero Ratio,Average Conductance Value
0.10003576473313934,5.8055967144809983e-08
