Average Input Nonzero Ratio,Average Conductance Value
0.04606904788893096,7.206370966628128e-08
