Average Input Nonzero Ratio,Average Conductance Value
0.05144315836380939,1.0354334634143925e-07
