Average Input Nonzero Ratio,Average Conductance Value
0.11840637362733178,5.262893054691631e-08
