Average Input Nonzero Ratio,Average Conductance Value
0.12717235331632654,9.131572298315405e-08
