Average Input Nonzero Ratio,Average Conductance Value
0.028955187116350447,6.508338401545188e-08
