Average Input Nonzero Ratio,Average Conductance Value
0.02156187563526387,9.434442915789987e-08
