Average Input Nonzero Ratio,Average Conductance Value
0.12717235331632654,8.034041343307763e-08
