Average Input Nonzero Ratio,Average Conductance Value
0.006000129544005102,7.641490284981955e-08
