Average Input Nonzero Ratio,Average Conductance Value
0.031626779205945074,7.635032162056632e-08
