Average Input Nonzero Ratio,Average Conductance Value
0.014592793523048868,6.72017534952829e-08
