Average Input Nonzero Ratio,Average Conductance Value
0.01565780445021026,5.1718824778390626e-08
