Average Input Nonzero Ratio,Average Conductance Value
0.027035187701789698,8.368826343030378e-08
