Average Input Nonzero Ratio,Average Conductance Value
0.028955187116350447,1.1154836343507668e-07
