Average Input Nonzero Ratio,Average Conductance Value
0.13907800401960102,8.917972445487976e-05
