Average Input Nonzero Ratio,Average Conductance Value
0.027502059936523438,8.959139813669026e-05
