Average Input Nonzero Ratio,Average Conductance Value
0.005972181047712054,8.938485552789643e-05
