Average Input Nonzero Ratio,Average Conductance Value
0.027502059936523438,8.892451296560466e-05
