Average Input Nonzero Ratio,Average Conductance Value
0.04622702695885483,8.933264325605705e-05
