Average Input Nonzero Ratio,Average Conductance Value
0.04680518714749083,8.937985694501549e-05
