Average Input Nonzero Ratio,Average Conductance Value
0.024709808583162268,8.920861728256568e-05
