Average Input Nonzero Ratio,Average Conductance Value
0.027919535734215562,8.913061174098402e-05
