Average Input Nonzero Ratio,Average Conductance Value
0.026889119829450334,8.922335837269202e-05
