Average Input Nonzero Ratio,Average Conductance Value
0.13907800401960102,8.918465755414218e-05
