Average Input Nonzero Ratio,Average Conductance Value
0.009451652059749682,8.926723239710554e-05
