Average Input Nonzero Ratio,Average Conductance Value
0.022690636771065847,8.887996955309063e-05
