Average Input Nonzero Ratio,Average Conductance Value
0.018942959454594826,8.942208660300821e-05
