Average Input Nonzero Ratio,Average Conductance Value
0.11983429655736806,8.930652256822214e-05
