Average Input Nonzero Ratio,Average Conductance Value
0.00670250094666773,8.909194002626464e-05
