Average Input Nonzero Ratio,Average Conductance Value
0.03165902896803253,8.911815530154854e-05
