Average Input Nonzero Ratio,Average Conductance Value
0.13464869285116388,8.921160770114511e-05
