Average Input Nonzero Ratio,Average Conductance Value
0.015618226966079401,8.925308065954596e-05
