Average Input Nonzero Ratio,Average Conductance Value
0.04622702695885483,8.917231753002852e-05
