Average Input Nonzero Ratio,Average Conductance Value
0.05312347412109375,7.986899436218664e-05
