Average Input Nonzero Ratio,Average Conductance Value
0.24851955970128378,5.917613998462912e-05
