Average Input Nonzero Ratio,Average Conductance Value
0.02893241246541341,5.959577265457483e-05
