Average Input Nonzero Ratio,Average Conductance Value
0.026273091634114582,5.901717668166384e-05
