Average Input Nonzero Ratio,Average Conductance Value
0.33981577555338544,7.200844629551284e-05
