Average Input Nonzero Ratio,Average Conductance Value
0.04077752431233724,5.825825792271644e-05
