Average Input Nonzero Ratio,Average Conductance Value
0.08117290337880452,5.931138093728805e-05
