Average Input Nonzero Ratio,Average Conductance Value
0.47643760840098065,2.0322368641245703e-06
