Average Input Nonzero Ratio,Average Conductance Value
0.3686963717142741,1.9516414795361925e-06
