Average Input Nonzero Ratio,Average Conductance Value
0.48829245567321783,2.0557838240620185e-06
