Average Input Nonzero Ratio,Average Conductance Value
0.47643760840098065,2.1228489117675053e-06
