Average Input Nonzero Ratio,Average Conductance Value
0.47643760840098065,2.0628891093110724e-06
