Average Input Nonzero Ratio,Average Conductance Value
0.5116235017776489,2.0813658920815215e-06
