Average Input Nonzero Ratio,Average Conductance Value
0.4859201113382975,1.8149794129840302e-06
