Average Input Nonzero Ratio,Average Conductance Value
0.6674720346927643,1.1134048634175997e-06
