Average Input Nonzero Ratio,Average Conductance Value
0.002106279134750366,1.0817187501288572e-06
