Average Input Nonzero Ratio,Average Conductance Value
0.3028985659281413,1.8121666585102503e-06
