Average Input Nonzero Ratio,Average Conductance Value
0.4671725034713745,2.0217399594457675e-06
