Average Input Nonzero Ratio,Average Conductance Value
0.4588799079259237,2.0353606657863565e-06
