Average Input Nonzero Ratio,Average Conductance Value
0.2844050725301107,1.6770711965818919e-06
