Average Input Nonzero Ratio,Average Conductance Value
0.48829245567321783,2.0042851360813074e-06
