Average Input Nonzero Ratio,Average Conductance Value
0.4252760410308838,2.0293082911848614e-06
