Average Input Nonzero Ratio,Average Conductance Value
0.0014548798402150473,1.1841392506539705e-06
