Average Input Nonzero Ratio,Average Conductance Value
0.3829397757848104,1.9054029394283134e-06
