Average Input Nonzero Ratio,Average Conductance Value
0.48722132047017414,2.0460298060243076e-06
