Average Input Nonzero Ratio,Average Conductance Value
0.3823109765847524,1.1740575587282365e-06
