Average Input Nonzero Ratio,Average Conductance Value
0.38802218437194824,1.8263313847910467e-06
