Average Input Nonzero Ratio,Average Conductance Value
0.47204923629760737,2.0558620690280804e-06
