Average Input Nonzero Ratio,Average Conductance Value
0.47676225503285724,1.8870850624352897e-06
