Average Input Nonzero Ratio,Average Conductance Value
0.41435527801513666,2.0246158669579017e-06
