Average Input Nonzero Ratio,Average Conductance Value
0.48829245567321783,2.022811599999841e-06
