Average Input Nonzero Ratio,Average Conductance Value
0.4995839595794678,1.2569823297781113e-06
