Average Input Nonzero Ratio,Average Conductance Value
0.30515559514363605,1.8829383066076844e-06
