Average Input Nonzero Ratio,Average Conductance Value
0.47204923629760737,1.9391065393392637e-06
