Average Input Nonzero Ratio,Average Conductance Value
0.47574075063069654,2.1120820576925325e-06
