Average Input Nonzero Ratio,Average Conductance Value
0.47854181130727125,2.079232217511162e-06
