Average Input Nonzero Ratio,Average Conductance Value
0.004641284545262655,1.1661105361326918e-06
