Average Input Nonzero Ratio,Average Conductance Value
0.47948630650838214,1.986343875159946e-06
