Average Input Nonzero Ratio,Average Conductance Value
0.4588799079259237,2.0474663813274674e-06
