Average Input Nonzero Ratio,Average Conductance Value
0.47204923629760737,1.9720843056347803e-06
