Average Input Nonzero Ratio,Average Conductance Value
0.7502854863802593,1.2491516940826841e-06
