Average Input Nonzero Ratio,Average Conductance Value
0.47948630650838214,2.1147651239061815e-06
