Average Input Nonzero Ratio,Average Conductance Value
0.4553159475326538,2.1137938972515258e-06
