Average Input Nonzero Ratio,Average Conductance Value
0.3990745147069295,1.3569899692811305e-06
