Average Input Nonzero Ratio,Average Conductance Value
0.47157033284505206,2.034650151472306e-06
