Average Input Nonzero Ratio,Average Conductance Value
0.4924473365147909,1.6699915477147442e-06
