Average Input Nonzero Ratio,Average Conductance Value
0.34706107775370276,1.956317305484845e-06
