Average Input Nonzero Ratio,Average Conductance Value
0.4553159475326538,1.8911192398718413e-06
