Average Input Nonzero Ratio,Average Conductance Value
0.31650733947753906,1.9791936267665733e-06
