Average Input Nonzero Ratio,Average Conductance Value
0.3259807427724203,1.8311165206341684e-06
