Average Input Nonzero Ratio,Average Conductance Value
0.47157033284505206,2.028352469096717e-06
