Average Input Nonzero Ratio,Average Conductance Value
0.5116235017776489,1.7081896146464715e-06
