Average Input Nonzero Ratio,Average Conductance Value
0.3259807427724203,1.9715148482646327e-06
