Average Input Nonzero Ratio,Average Conductance Value
0.47157033284505206,2.096240166338248e-06
