Average Input Nonzero Ratio,Average Conductance Value
0.47574075063069654,2.0013854111766705e-06
