Average Input Nonzero Ratio,Average Conductance Value
0.47650412718454993,1.9733909368824243e-06
