Average Input Nonzero Ratio,Average Conductance Value
0.4732189575831095,2.0248964176516893e-06
