Average Input Nonzero Ratio,Average Conductance Value
0.34947533408800757,1.3138088661435177e-06
