Average Input Nonzero Ratio,Average Conductance Value
0.30099793275197345,2.0213795437484805e-06
