Average Input Nonzero Ratio,Average Conductance Value
0.3259807427724203,2.0675754797139234e-06
