Average Input Nonzero Ratio,Average Conductance Value
0.4959838589032491,1.0774380427847063e-06
