Average Input Nonzero Ratio,Average Conductance Value
0.5116235017776489,1.9191164994936116e-06
