Average Input Nonzero Ratio,Average Conductance Value
0.48897079626719153,1.8775221519717888e-06
