Average Input Nonzero Ratio,Average Conductance Value
0.4955795605977376,1.9701380722381145e-06
