Average Input Nonzero Ratio,Average Conductance Value
0.47919750213623047,0.158358087592725
