Average Input Nonzero Ratio,Average Conductance Value
0.4892314672470093,0.15829947261954658
