Average Input Nonzero Ratio,Average Conductance Value
0.6150582134723663,0.05315727755429732
