Average Input Nonzero Ratio,Average Conductance Value
0.41581042607625324,0.11247823846016607
