Average Input Nonzero Ratio,Average Conductance Value
0.42698562145233154,0.08370080111362606
