Average Input Nonzero Ratio,Average Conductance Value
0.4661582310994466,0.15656603115452786
