Average Input Nonzero Ratio,Average Conductance Value
0.4356070756912232,0.13986092978607953
