Average Input Nonzero Ratio,Average Conductance Value
0.48190820217132563,0.143527298184251
