Average Input Nonzero Ratio,Average Conductance Value
0.41776688893636066,0.15249222821512376
