Average Input Nonzero Ratio,Average Conductance Value
0.47985998789469403,0.15328127935598396
