Average Input Nonzero Ratio,Average Conductance Value
0.479467233022054,0.16887538048571774
