Average Input Nonzero Ratio,Average Conductance Value
0.47985998789469403,0.16595126324266726
