Average Input Nonzero Ratio,Average Conductance Value
0.47706578175226844,0.03361218643573238
