Average Input Nonzero Ratio,Average Conductance Value
0.4745988845825195,0.14983171229479403
