Average Input Nonzero Ratio,Average Conductance Value
0.47997069358825684,0.14566352502021931
