Average Input Nonzero Ratio,Average Conductance Value
0.4446303049723307,0.15321297734018507
