Average Input Nonzero Ratio,Average Conductance Value
0.0024830102920532235,0.03566122350695115
