Average Input Nonzero Ratio,Average Conductance Value
0.003069738547007243,0.05590991255505579
