Average Input Nonzero Ratio,Average Conductance Value
0.481779138247172,0.13047183670291165
