Average Input Nonzero Ratio,Average Conductance Value
0.4731086492538452,0.13130743649617216
