Average Input Nonzero Ratio,Average Conductance Value
0.5116235017776489,0.13550238860937366
