Average Input Nonzero Ratio,Average Conductance Value
0.4758419593175252,0.12316409689641919
