Average Input Nonzero Ratio,Average Conductance Value
0.6950959761937459,0.07019140820301573
