Average Input Nonzero Ratio,Average Conductance Value
0.3917754491170247,0.13349248588925938
