Average Input Nonzero Ratio,Average Conductance Value
0.4731086492538452,0.16898848745040596
