Average Input Nonzero Ratio,Average Conductance Value
0.4745988845825195,0.15243029698337654
