Average Input Nonzero Ratio,Average Conductance Value
0.4536442359288534,0.15215419041695505
