Average Input Nonzero Ratio,Average Conductance Value
0.31760720411936444,0.12291697151541874
