Average Input Nonzero Ratio,Average Conductance Value
0.33519577980041504,0.13084712344784424
