Average Input Nonzero Ratio,Average Conductance Value
0.47554821769396466,0.037173967421324505
