Average Input Nonzero Ratio,Average Conductance Value
0.4858254889647166,0.07093115355531511
