Average Input Nonzero Ratio,Average Conductance Value
0.5424682994683584,0.0441050749346914
