Average Input Nonzero Ratio,Average Conductance Value
0.4787224928538004,0.14400649526838347
