Average Input Nonzero Ratio,Average Conductance Value
0.4738561312357584,0.15637493249128706
