Average Input Nonzero Ratio,Average Conductance Value
0.46634487311045325,0.16252215743796633
