Average Input Nonzero Ratio,Average Conductance Value
0.47985474268595374,0.15368442592651782
