Average Input Nonzero Ratio,Average Conductance Value
0.5116235017776489,0.16350392863803012
