Average Input Nonzero Ratio,Average Conductance Value
0.49704034129778546,0.03422438546006593
