Average Input Nonzero Ratio,Average Conductance Value
0.35732801755269367,0.05761516979078708
