Average Input Nonzero Ratio,Average Conductance Value
0.33296187718709314,0.1519279262554067
