Average Input Nonzero Ratio,Average Conductance Value
0.4893991152445475,0.13176108252965996
