Average Input Nonzero Ratio,Average Conductance Value
0.31032542387644446,0.11105342017663133
