Average Input Nonzero Ratio,Average Conductance Value
0.34159759680430096,0.1445721360900539
