Average Input Nonzero Ratio,Average Conductance Value
0.4658182859420777,0.16218355783868382
