Average Input Nonzero Ratio,Average Conductance Value
0.45659359296162927,0.14551651059654042
