Average Input Nonzero Ratio,Average Conductance Value
0.47997069358825684,0.15831739757829513
