Average Input Nonzero Ratio,Average Conductance Value
0.0040480295817057295,0.05956499606115325
