Average Input Nonzero Ratio,Average Conductance Value
0.4036335945129394,0.12433494799863963
