Average Input Nonzero Ratio,Average Conductance Value
0.47997069358825684,0.1694013230735436
