Average Input Nonzero Ratio,Average Conductance Value
0.3515825668970744,0.14070588350906682
