Average Input Nonzero Ratio,Average Conductance Value
0.48772867520650226,0.13888717163704964
