Average Input Nonzero Ratio,Average Conductance Value
0.4837870200475057,0.11089883357804606
