Average Input Nonzero Ratio,Average Conductance Value
0.45269175370534254,0.16077817743644118
