Average Input Nonzero Ratio,Average Conductance Value
0.2912933031717936,0.07827633495372766
