Average Input Nonzero Ratio,Average Conductance Value
0.28791962003568866,7.661060226382688e-05
