Average Input Nonzero Ratio,Average Conductance Value
0.12555109585686952,7.423756531872121e-05
