Average Input Nonzero Ratio,Average Conductance Value
0.11266909674374773,7.340864665041278e-05
