Average Input Nonzero Ratio,Average Conductance Value
0.24867179581444745,7.338102295761928e-05
