Average Input Nonzero Ratio,Average Conductance Value
0.24867179581444745,5.985410929757303e-05
