Average Input Nonzero Ratio,Average Conductance Value
0.18292081738352425,7.853386757363166e-05
