Average Input Nonzero Ratio,Average Conductance Value
0.09580846847667637,7.181459659477696e-05
