Average Input Nonzero Ratio,Average Conductance Value
0.04239874748029792,4.8059653116589675e-05
