Average Input Nonzero Ratio,Average Conductance Value
0.19156284165451895,6.887926532986708e-05
