Average Input Nonzero Ratio,Average Conductance Value
0.19156284165451895,7.023182635228815e-05
