Average Input Nonzero Ratio,Average Conductance Value
0.07878348570175839,7.253405575673761e-05
