Average Input Nonzero Ratio,Average Conductance Value
0.12600770288584182,7.578265753441624e-05
