Average Input Nonzero Ratio,Average Conductance Value
0.28791962003568866,7.403823422334556e-05
