Average Input Nonzero Ratio,Average Conductance Value
0.13455258027457634,7.496729605398806e-05
