Average Input Nonzero Ratio,Average Conductance Value
0.035681724548339844,8.487743374037866e-05
