Average Input Nonzero Ratio,Average Conductance Value
0.2102330525716146,0.00010666894619741167
