Average Input Nonzero Ratio,Average Conductance Value
0.04616085688273112,8.855726385566716e-05
