Average Input Nonzero Ratio,Average Conductance Value
0.05639378229777018,8.766897614502038e-05
