Average Input Nonzero Ratio,Average Conductance Value
0.05178952217102051,8.855126361595467e-05
