Average Input Nonzero Ratio,Average Conductance Value
0.034307003021240234,8.64798785187304e-05
