Average Input Nonzero Ratio,Average Conductance Value
0.4852523803710938,2.5441847128604422e-05
