Average Input Nonzero Ratio,Average Conductance Value
0.48830946286519367,2.780449631245574e-05
