Average Input Nonzero Ratio,Average Conductance Value
0.4746286869049072,2.8786632356059272e-05
