Average Input Nonzero Ratio,Average Conductance Value
0.37249310811360675,2.656560195646307e-05
