Average Input Nonzero Ratio,Average Conductance Value
0.4744687080383301,2.7482142058943282e-05
