Average Input Nonzero Ratio,Average Conductance Value
0.4744638204574585,2.7968559152213857e-05
