Average Input Nonzero Ratio,Average Conductance Value
0.4744687080383301,2.7431521402832004e-05
