Average Input Nonzero Ratio,Average Conductance Value
0.4901899496714274,2.1662810922862263e-05
