Average Input Nonzero Ratio,Average Conductance Value
0.3261774778366089,2.6646996957424562e-05
