Average Input Nonzero Ratio,Average Conductance Value
0.4744687080383301,2.9358461006268044e-05
