Average Input Nonzero Ratio,Average Conductance Value
0.4739142656326294,2.9405171062535373e-05
