Average Input Nonzero Ratio,Average Conductance Value
0.4017235438028971,2.7917584475289914e-05
