Average Input Nonzero Ratio,Average Conductance Value
0.4739142656326294,2.8392262720444705e-05
