Average Input Nonzero Ratio,Average Conductance Value
0.5408779978752136,1.1541367030076799e-05
