Average Input Nonzero Ratio,Average Conductance Value
0.38541257381439215,2.5760717790035415e-05
