Average Input Nonzero Ratio,Average Conductance Value
0.5116235017776489,2.2327745909933583e-05
