Average Input Nonzero Ratio,Average Conductance Value
0.4622762600580851,2.5512073079880793e-05
