Average Input Nonzero Ratio,Average Conductance Value
0.4605480035146078,2.8022942160532693e-05
