Average Input Nonzero Ratio,Average Conductance Value
0.41617234547932946,2.691155032152892e-05
