Average Input Nonzero Ratio,Average Conductance Value
0.48171373208363855,2.6944205956169753e-05
