Average Input Nonzero Ratio,Average Conductance Value
0.30710494518280035,2.777956183308561e-05
