Average Input Nonzero Ratio,Average Conductance Value
0.4720640579859416,2.7900947316084057e-05
