Average Input Nonzero Ratio,Average Conductance Value
0.5116235017776489,2.8823772709074547e-05
