Average Input Nonzero Ratio,Average Conductance Value
0.4588495492935181,2.7100234547106083e-05
