Average Input Nonzero Ratio,Average Conductance Value
0.31574996312459314,2.7045226488553453e-05
