Average Input Nonzero Ratio,Average Conductance Value
0.6757496198018392,1.2650803000724409e-05
