Average Input Nonzero Ratio,Average Conductance Value
0.4157313505808512,2.7835893888550345e-05
