Average Input Nonzero Ratio,Average Conductance Value
0.3014231125513713,2.4137711079674773e-05
