Average Input Nonzero Ratio,Average Conductance Value
0.41617234547932946,2.8583714993146714e-05
