Average Input Nonzero Ratio,Average Conductance Value
0.7622400224208832,1.4337100992634078e-05
