Average Input Nonzero Ratio,Average Conductance Value
0.43990703423817956,2.716124754442717e-05
