Average Input Nonzero Ratio,Average Conductance Value
0.6053679088751476,1.1974103244938306e-05
