Average Input Nonzero Ratio,Average Conductance Value
0.47033980488777166,1.1348012549206032e-05
