Average Input Nonzero Ratio,Average Conductance Value
0.39353470007578534,2.4384286007261835e-05
