Average Input Nonzero Ratio,Average Conductance Value
0.4622762600580851,2.9388262419161038e-05
