Average Input Nonzero Ratio,Average Conductance Value
0.4773401816685995,2.4186676000681473e-05
