Average Input Nonzero Ratio,Average Conductance Value
0.43990703423817956,2.8511540904219146e-05
