Average Input Nonzero Ratio,Average Conductance Value
0.28766945997873944,2.1786047909699846e-05
