Average Input Nonzero Ratio,Average Conductance Value
0.43990703423817956,2.875441077776486e-05
