Average Input Nonzero Ratio,Average Conductance Value
0.41617234547932946,2.4467579351039603e-05
