Average Input Nonzero Ratio,Average Conductance Value
0.4679083029429118,2.9939764999653562e-05
