Average Input Nonzero Ratio,Average Conductance Value
0.48830946286519367,2.7481997221912025e-05
