Average Input Nonzero Ratio,Average Conductance Value
0.4910007317860921,2.6887579224421643e-05
