Average Input Nonzero Ratio,Average Conductance Value
0.4668116966883341,2.7785844167738105e-05
