Average Input Nonzero Ratio,Average Conductance Value
0.0013920068740844724,1.3205407185523654e-05
