Average Input Nonzero Ratio,Average Conductance Value
0.4142761429150899,1.3029906995143392e-05
