Average Input Nonzero Ratio,Average Conductance Value
0.4605480035146078,2.8233673219801858e-05
