Average Input Nonzero Ratio,Average Conductance Value
0.48830946286519367,2.8378459319355898e-05
