Average Input Nonzero Ratio,Average Conductance Value
0.46542799472808843,1.137144431595516e-05
