Average Input Nonzero Ratio,Average Conductance Value
0.0026874045530955004,1.2891571486761677e-05
