Average Input Nonzero Ratio,Average Conductance Value
0.4720640579859416,2.9082697437843308e-05
