Average Input Nonzero Ratio,Average Conductance Value
0.0005495647589365642,1.1422530178606394e-05
