Average Input Nonzero Ratio,Average Conductance Value
0.4855941931406657,2.5275382768086274e-05
