Average Input Nonzero Ratio,Average Conductance Value
0.2967766920725505,1.5462609781025094e-05
