Average Input Nonzero Ratio,Average Conductance Value
0.07107162475585938,8.487743374037866e-05
