Average Input Nonzero Ratio,Average Conductance Value
0.07504669825236003,8.855726385566716e-05
