Average Input Nonzero Ratio,Average Conductance Value
0.10438235600789388,8.766897614502038e-05
