Average Input Nonzero Ratio,Average Conductance Value
0.04009648164113363,1.0352719982620329e-05
