Average Input Nonzero Ratio,Average Conductance Value
0.02371954917907715,9.832940122578293e-06
