Average Input Nonzero Ratio,Average Conductance Value
0.29741160074869794,1.046335682985955e-05
