Average Input Nonzero Ratio,Average Conductance Value
0.02551110585530599,9.971805411623791e-06
