Average Input Nonzero Ratio,Average Conductance Value
0.0321965217590332,1.0550143542786827e-05
