Average Input Nonzero Ratio,Average Conductance Value
0.03813274701436361,1.0290865247952752e-05
