Average Input Nonzero Ratio,Average Conductance Value
0.47052870856391055,1.7823192839235464e-05
