Average Input Nonzero Ratio,Average Conductance Value
0.38475916120741105,1.738775375770274e-05
