Average Input Nonzero Ratio,Average Conductance Value
0.4518697526719835,1.5863174098740274e-05
