Average Input Nonzero Ratio,Average Conductance Value
0.4690580368041993,4.1679906341111446e-06
