Average Input Nonzero Ratio,Average Conductance Value
0.10002279281616211,1.543841887041708e-05
