Average Input Nonzero Ratio,Average Conductance Value
0.35757431719038224,1.2819497025399567e-06
