Average Input Nonzero Ratio,Average Conductance Value
0.15321332878536648,2.482144869494126e-06
