Average Input Nonzero Ratio,Average Conductance Value
0.30983029471503365,1.8576944550356227e-05
