Average Input Nonzero Ratio,Average Conductance Value
0.30983029471503365,1.5739893096148688e-05
