Average Input Nonzero Ratio,Average Conductance Value
0.36347336239284944,1.729810621024323e-05
