Average Input Nonzero Ratio,Average Conductance Value
0.4010817739698622,1.5932864243950462e-05
