Average Input Nonzero Ratio,Average Conductance Value
0.4010817739698622,1.5194456314778412e-05
