Average Input Nonzero Ratio,Average Conductance Value
0.15854914983113608,1.7155768205157074e-05
