Average Input Nonzero Ratio,Average Conductance Value
0.14354308446248373,1.3125151269832713e-05
