Average Input Nonzero Ratio,Average Conductance Value
0.38475916120741105,2.0372121052029495e-05
