Average Input Nonzero Ratio,Average Conductance Value
0.20143360561794707,1.290242103853719e-05
