Average Input Nonzero Ratio,Average Conductance Value
0.36347336239284944,1.9572461667394236e-05
