Average Input Nonzero Ratio,Average Conductance Value
0.4778092702229817,2.2075833688480393e-06
