Average Input Nonzero Ratio,Average Conductance Value
0.10161474015977646,1.4431188295323713e-05
