Average Input Nonzero Ratio,Average Conductance Value
0.3411610921223958,1.8514115557384987e-05
