Average Input Nonzero Ratio,Average Conductance Value
0.36789645089043516,2.010281572969082e-05
