Average Input Nonzero Ratio,Average Conductance Value
0.44255325529310435,1.405083247618677e-05
