Average Input Nonzero Ratio,Average Conductance Value
0.06763294008043078,1.4057297808752386e-05
