Average Input Nonzero Ratio,Average Conductance Value
0.38475916120741105,1.832024107291848e-05
