Average Input Nonzero Ratio,Average Conductance Value
0.24995844893985322,4.284464182546799e-06
