Average Input Nonzero Ratio,Average Conductance Value
0.4902806282043457,1.7192536347465648e-05
