Average Input Nonzero Ratio,Average Conductance Value
0.2596067852444119,1.5302023011069348e-05
