Average Input Nonzero Ratio,Average Conductance Value
0.3411610921223958,1.8834909572736553e-05
