Average Input Nonzero Ratio,Average Conductance Value
0.26499096552530926,1.2003323680194928e-06
