Average Input Nonzero Ratio,Average Conductance Value
0.4019706514146593,1.7576735274360544e-05
