Average Input Nonzero Ratio,Average Conductance Value
0.4285398589240181,1.1770001530445977e-06
