Average Input Nonzero Ratio,Average Conductance Value
0.39829312430487745,1.717762900928695e-05
