Average Input Nonzero Ratio,Average Conductance Value
0.3411610921223958,1.6092369473123352e-05
