Average Input Nonzero Ratio,Average Conductance Value
0.3860766092936198,1.4177496818016758e-05
