Average Input Nonzero Ratio,Average Conductance Value
0.39829312430487745,2.1324490414068958e-05
