Average Input Nonzero Ratio,Average Conductance Value
0.42063384585910374,1.0837252129173672e-05
