Average Input Nonzero Ratio,Average Conductance Value
0.01388793521457248,5.309428047439724e-06
