Average Input Nonzero Ratio,Average Conductance Value
0.36789645089043516,1.6647038156255196e-05
