Average Input Nonzero Ratio,Average Conductance Value
0.04016786151462131,1.7147123287486465e-05
