Average Input Nonzero Ratio,Average Conductance Value
0.4019706514146593,1.9846002279185388e-05
