Average Input Nonzero Ratio,Average Conductance Value
0.43937714894612623,1.4179413767578808e-05
