Average Input Nonzero Ratio,Average Conductance Value
0.36347336239284944,1.745402609761489e-05
