Average Input Nonzero Ratio,Average Conductance Value
0.2917613055970934,2.8524331507166303e-06
