Average Input Nonzero Ratio,Average Conductance Value
0.4287375344170464,1.5963709680969867e-05
