Average Input Nonzero Ratio,Average Conductance Value
0.49117146597968214,1.7364644691042486e-05
