Average Input Nonzero Ratio,Average Conductance Value
0.12832344902886286,1.0933650666326381e-05
