Average Input Nonzero Ratio,Average Conductance Value
0.30983029471503365,1.316146125418527e-05
