Average Input Nonzero Ratio,Average Conductance Value
0.23991346359252932,1.2067606955194303e-06
