Average Input Nonzero Ratio,Average Conductance Value
0.47804122500949436,1.292744569051744e-05
