Average Input Nonzero Ratio,Average Conductance Value
0.006700048641282685,1.295011831340768e-05
