Average Input Nonzero Ratio,Average Conductance Value
0.027480689846739476,8.168548902176553e-06
