Average Input Nonzero Ratio,Average Conductance Value
0.13465111596243723,7.1080685302149504e-06
