Average Input Nonzero Ratio,Average Conductance Value
0.018937957530118982,6.532225067227652e-06
