Average Input Nonzero Ratio,Average Conductance Value
0.02683544158935547,1.1324476114774976e-05
