Average Input Nonzero Ratio,Average Conductance Value
0.046226754480478714,2.1666521206498146e-05
