Average Input Nonzero Ratio,Average Conductance Value
0.0059497599699059305,6.454631147789769e-06
