Average Input Nonzero Ratio,Average Conductance Value
0.11983429655736806,8.785698961825498e-06
