Average Input Nonzero Ratio,Average Conductance Value
0.13908003787605133,2.142606566242951e-05
