Average Input Nonzero Ratio,Average Conductance Value
0.009434991953324298,1.3837064064622004e-05
