Average Input Nonzero Ratio,Average Conductance Value
0.027480689846739476,2.425056754873367e-05
