Average Input Nonzero Ratio,Average Conductance Value
0.03162220546177456,8.563109683260942e-06
