Average Input Nonzero Ratio,Average Conductance Value
0.022688184465680807,2.048430148230788e-05
