Average Input Nonzero Ratio,Average Conductance Value
0.015626381854621733,9.09707417425428e-06
