Average Input Nonzero Ratio,Average Conductance Value
0.13908003787605133,1.222180011003123e-05
