Average Input Nonzero Ratio,Average Conductance Value
0.04681896676822585,9.985416606165623e-06
