Average Input Nonzero Ratio,Average Conductance Value
0.027930707347636318,1.4134425631103417e-05
