Average Input Nonzero Ratio,Average Conductance Value
0.046226754480478714,1.7322994002218668e-05
