Average Input Nonzero Ratio,Average Conductance Value
0.052501678466796875,3.815056940463061e-05
