Average Input Nonzero Ratio,Average Conductance Value
0.07504669825236003,1.1000181530107511e-06
