Average Input Nonzero Ratio,Average Conductance Value
0.12420396010080974,1.0696827530409792e-06
