Average Input Nonzero Ratio,Average Conductance Value
0.07107162475585938,1.172771362689673e-06
