Average Input Nonzero Ratio,Average Conductance Value
0.062416911125183105,1.0711798950069351e-06
