Average Input Nonzero Ratio,Average Conductance Value
0.057367960611979164,1.0953676792269107e-06
