Average Input Nonzero Ratio,Average Conductance Value
0.10438235600789388,1.0938395007542567e-06
