Average Input Nonzero Ratio,Average Conductance Value
0.5312152438693577,1.1385634479665896e-06
