Average Input Nonzero Ratio,Average Conductance Value
0.015618226966079401,5.0743194833557936e-05
