Average Input Nonzero Ratio,Average Conductance Value
0.022690636771065847,6.20873533989652e-05
