Average Input Nonzero Ratio,Average Conductance Value
0.005972181047712054,4.821821198675025e-05
