Average Input Nonzero Ratio,Average Conductance Value
0.13464869285116388,4.878288518739282e-05
