Average Input Nonzero Ratio,Average Conductance Value
0.027502059936523438,5.063397679805348e-05
