Average Input Nonzero Ratio,Average Conductance Value
0.13907800401960102,6.377546014846303e-05
