Average Input Nonzero Ratio,Average Conductance Value
0.027919535734215562,5.590585351455957e-05
