Average Input Nonzero Ratio,Average Conductance Value
0.11983429655736806,5.071962073088798e-05
