Average Input Nonzero Ratio,Average Conductance Value
0.018942959454594826,4.82596876736352e-05
