Average Input Nonzero Ratio,Average Conductance Value
0.13907800401960102,5.380436414270662e-05
