Average Input Nonzero Ratio,Average Conductance Value
0.00670250094666773,5.4683186135662254e-05
