Average Input Nonzero Ratio,Average Conductance Value
0.026889119829450334,5.2945735660614446e-05
