Average Input Nonzero Ratio,Average Conductance Value
0.04680518714749083,5.187773376746918e-05
