Average Input Nonzero Ratio,Average Conductance Value
0.009451652059749682,5.6009025229286635e-05
