Average Input Nonzero Ratio,Average Conductance Value
0.027502059936523438,6.595066497538937e-05
