Average Input Nonzero Ratio,Average Conductance Value
0.04622702695885483,6.354417564580217e-05
