Average Input Nonzero Ratio,Average Conductance Value
0.024709808583162268,5.1333763394723064e-05
