Average Input Nonzero Ratio,Average Conductance Value
0.05312347412109375,7.240346712933388e-05
