Average Input Nonzero Ratio,Average Conductance Value
0.47694098949432373,5.259309432403825e-07
