Average Input Nonzero Ratio,Average Conductance Value
0.48618765672047937,8.225038428122389e-08
