Average Input Nonzero Ratio,Average Conductance Value
0.45354408025741577,7.715942640373896e-08
