Average Input Nonzero Ratio,Average Conductance Value
0.44298330942789715,4.2259493859830854e-07
