Average Input Nonzero Ratio,Average Conductance Value
0.4609504242738088,1.5945051323740245e-07
