Average Input Nonzero Ratio,Average Conductance Value
0.47682992617289227,5.019677740136785e-07
