Average Input Nonzero Ratio,Average Conductance Value
0.44298330942789715,5.309718655865936e-07
