Average Input Nonzero Ratio,Average Conductance Value
0.0026772220929463706,1.260642141787116e-07
