Average Input Nonzero Ratio,Average Conductance Value
0.47146574656168627,5.045097264400056e-07
