Average Input Nonzero Ratio,Average Conductance Value
0.47146574656168627,5.114107306525284e-07
