Average Input Nonzero Ratio,Average Conductance Value
0.3516938785711924,1.2144337446784448e-07
