Average Input Nonzero Ratio,Average Conductance Value
0.002822438875834147,1.1780092368240958e-07
