Average Input Nonzero Ratio,Average Conductance Value
0.46371738115946454,5.162068532627018e-07
