Average Input Nonzero Ratio,Average Conductance Value
0.0012272993723551433,7.912145338906384e-08
