Average Input Nonzero Ratio,Average Conductance Value
0.4889713128407796,4.4824714962032886e-07
