Average Input Nonzero Ratio,Average Conductance Value
0.48166008790334064,4.4386411612862275e-07
