Average Input Nonzero Ratio,Average Conductance Value
0.7095634539922079,1.5586156987268396e-07
