Average Input Nonzero Ratio,Average Conductance Value
0.46371738115946454,5.217553269432074e-07
