Average Input Nonzero Ratio,Average Conductance Value
0.30130700270334876,3.5199092440763025e-07
