Average Input Nonzero Ratio,Average Conductance Value
0.48202947775522864,4.863131621846151e-07
