Average Input Nonzero Ratio,Average Conductance Value
0.6254763305187225,1.1146154843544309e-07
