Average Input Nonzero Ratio,Average Conductance Value
0.47694098949432373,5.526006070510903e-07
