Average Input Nonzero Ratio,Average Conductance Value
0.46694262822469074,5.363146726722334e-07
