Average Input Nonzero Ratio,Average Conductance Value
0.3999965985616048,4.2040180048275033e-07
