Average Input Nonzero Ratio,Average Conductance Value
0.40280596415201825,3.6062324770824716e-07
