Average Input Nonzero Ratio,Average Conductance Value
0.47146574656168627,5.666764870682073e-07
