Average Input Nonzero Ratio,Average Conductance Value
0.44298330942789715,4.869441809773889e-07
