Average Input Nonzero Ratio,Average Conductance Value
0.48683393001556396,4.7477247910876486e-07
