Average Input Nonzero Ratio,Average Conductance Value
0.47682992617289227,5.513708494220282e-07
