Average Input Nonzero Ratio,Average Conductance Value
0.47682992617289227,5.006347834068947e-07
