Average Input Nonzero Ratio,Average Conductance Value
0.47694098949432373,4.937407620531076e-07
