Average Input Nonzero Ratio,Average Conductance Value
0.2819993495941162,5.3521046841827534e-05
