Average Input Nonzero Ratio,Average Conductance Value
0.16504955291748047,6.907900145354991e-05
