Average Input Nonzero Ratio,Average Conductance Value
0.48383617401123047,1.630126038776325e-05
