Average Input Nonzero Ratio,Average Conductance Value
0.47463099161783856,2.565349416272511e-05
