Average Input Nonzero Ratio,Average Conductance Value
0.4315774043401082,2.0502231606656096e-05
