Average Input Nonzero Ratio,Average Conductance Value
0.47951328754425054,2.0348394457414543e-05
