Average Input Nonzero Ratio,Average Conductance Value
0.4628492991129557,2.1223970207984166e-05
