Average Input Nonzero Ratio,Average Conductance Value
0.4628492991129557,2.3602298071523364e-05
