Average Input Nonzero Ratio,Average Conductance Value
0.46906046072642016,2.2771043802549684e-05
