Average Input Nonzero Ratio,Average Conductance Value
0.003829667965571085,8.966319370529163e-06
