Average Input Nonzero Ratio,Average Conductance Value
0.46607259909311927,2.2772205724663763e-05
