Average Input Nonzero Ratio,Average Conductance Value
0.41737759113311773,2.2195780474021376e-05
