Average Input Nonzero Ratio,Average Conductance Value
0.4893676439921061,2.1681466591871867e-05
