Average Input Nonzero Ratio,Average Conductance Value
0.47897617022196454,2.1690065310053797e-05
