Average Input Nonzero Ratio,Average Conductance Value
0.4628492991129557,2.3320864642073502e-05
