Average Input Nonzero Ratio,Average Conductance Value
0.47191842397054035,1.939111332660559e-05
