Average Input Nonzero Ratio,Average Conductance Value
0.4528228441874186,1.8438921472352376e-05
