Average Input Nonzero Ratio,Average Conductance Value
0.47905496756235755,2.1264599666892536e-05
