Average Input Nonzero Ratio,Average Conductance Value
0.46607259909311927,2.2485576323560963e-05
