Average Input Nonzero Ratio,Average Conductance Value
0.47191842397054035,2.4672438485140447e-05
