Average Input Nonzero Ratio,Average Conductance Value
0.46607259909311927,2.4432347913716512e-05
