Average Input Nonzero Ratio,Average Conductance Value
0.5403966804345449,6.2647383316516425e-06
