Average Input Nonzero Ratio,Average Conductance Value
0.47905496756235755,2.475204728114022e-05
