Average Input Nonzero Ratio,Average Conductance Value
0.34920156002044683,2.062003187575101e-05
