Average Input Nonzero Ratio,Average Conductance Value
0.45806153615315753,2.1274518417158106e-05
