Average Input Nonzero Ratio,Average Conductance Value
0.47897617022196454,2.162234730462842e-05
