Average Input Nonzero Ratio,Average Conductance Value
0.47951328754425054,2.3068127418923723e-05
