Average Input Nonzero Ratio,Average Conductance Value
0.47951328754425054,2.1025878496061523e-05
