Average Input Nonzero Ratio,Average Conductance Value
0.48578143119812006,2.037558303413789e-05
