Average Input Nonzero Ratio,Average Conductance Value
0.4410944779713949,2.2282534942519305e-05
