Average Input Nonzero Ratio,Average Conductance Value
0.47897617022196454,2.4652523663348802e-05
