Average Input Nonzero Ratio,Average Conductance Value
0.33967721462249756,8.633253088419224e-06
