Average Input Nonzero Ratio,Average Conductance Value
0.33934450149536133,2.1120318706380203e-05
