Average Input Nonzero Ratio,Average Conductance Value
0.4791284799575805,2.4989796912677775e-05
