Average Input Nonzero Ratio,Average Conductance Value
0.47905496756235755,2.3024377100000493e-05
