Average Input Nonzero Ratio,Average Conductance Value
0.4893676439921061,2.3036679266397186e-05
