Average Input Nonzero Ratio,Average Conductance Value
0.47191842397054035,2.500078119282989e-05
