Average Input Nonzero Ratio,Average Conductance Value
0.002142002185185751,4.864926339109843e-06
