Average Input Nonzero Ratio,Average Conductance Value
0.4791284799575805,2.3189863910033637e-05
