Average Input Nonzero Ratio,Average Conductance Value
0.4288664261500041,1.2244352220136534e-05
