Average Input Nonzero Ratio,Average Conductance Value
0.3918417692184448,1.9666425870923376e-05
