Average Input Nonzero Ratio,Average Conductance Value
0.4787474075953166,2.4216358397666227e-05
