Average Input Nonzero Ratio,Average Conductance Value
0.46866838137308753,2.369622015407913e-05
