Average Input Nonzero Ratio,Average Conductance Value
0.4787474075953166,2.2425193535013932e-05
