Average Input Nonzero Ratio,Average Conductance Value
0.47463099161783856,2.181680405044517e-05
