Average Input Nonzero Ratio,Average Conductance Value
0.48437023162841797,1.9245425022518248e-05
