Average Input Nonzero Ratio,Average Conductance Value
0.4893676439921061,2.2161770658613023e-05
