Average Input Nonzero Ratio,Average Conductance Value
0.47463099161783856,2.217630606082821e-05
