Average Input Nonzero Ratio,Average Conductance Value
0.4528228441874186,2.0913626954666142e-05
