Average Input Nonzero Ratio,Average Conductance Value
0.28881115714708966,1.1580330735228017e-05
