Average Input Nonzero Ratio,Average Conductance Value
0.0032132267951965328,8.329054551836634e-06
