Average Input Nonzero Ratio,Average Conductance Value
0.30884361267089844,1.6351194901176314e-05
