Average Input Nonzero Ratio,Average Conductance Value
0.4795173803965251,2.1001703572665065e-05
