Average Input Nonzero Ratio,Average Conductance Value
0.44991560777028405,2.215415440787183e-05
