Average Input Nonzero Ratio,Average Conductance Value
0.48880505561828613,1.9420165983774496e-05
