Average Input Nonzero Ratio,Average Conductance Value
0.6917228996753693,1.0560472432530332e-05
