Average Input Nonzero Ratio,Average Conductance Value
0.48203038175900775,1.0634300082301706e-05
