Average Input Nonzero Ratio,Average Conductance Value
0.5116235017776489,1.6780613165678915e-05
