Average Input Nonzero Ratio,Average Conductance Value
0.006393121213329082,1.8197243889517267e-06
