Average Input Nonzero Ratio,Average Conductance Value
0.12716944363652444,3.1037601502248435e-06
