Average Input Nonzero Ratio,Average Conductance Value
0.12716944363652444,2.663269583536021e-06
