Average Input Nonzero Ratio,Average Conductance Value
0.05157079502027862,2.593135377537692e-06
