Average Input Nonzero Ratio,Average Conductance Value
0.00605824528908243,2.5057203174583265e-06
