Average Input Nonzero Ratio,Average Conductance Value
0.025809375607237523,1.7759263641892176e-06
