Average Input Nonzero Ratio,Average Conductance Value
0.10003576473313934,1.7688904563328833e-06
