Average Input Nonzero Ratio,Average Conductance Value
0.4538326912185772,1.4861653653497342e-05
