Average Input Nonzero Ratio,Average Conductance Value
0.005970001220703125,1.0873664223254309e-05
