Average Input Nonzero Ratio,Average Conductance Value
0.046805167684749675,1.7223067970917327e-05
