Average Input Nonzero Ratio,Average Conductance Value
0.04622698803337253,3.087200229856535e-05
