Average Input Nonzero Ratio,Average Conductance Value
0.02791930218132175,2.466967589498381e-05
