Average Input Nonzero Ratio,Average Conductance Value
0.026889178217673792,1.953227410922409e-05
