Average Input Nonzero Ratio,Average Conductance Value
0.006703590860172194,2.2590632852370618e-05
