Average Input Nonzero Ratio,Average Conductance Value
0.02269051999461894,3.5973266676592175e-05
