Average Input Nonzero Ratio,Average Conductance Value
0.027503733732262434,4.265019379090518e-05
