Average Input Nonzero Ratio,Average Conductance Value
0.015618265891561704,1.556477263875422e-05
