Average Input Nonzero Ratio,Average Conductance Value
0.03166626910774075,1.4637431377195753e-05
