Average Input Nonzero Ratio,Average Conductance Value
0.018942959454594826,1.0923905165327596e-05
