Average Input Nonzero Ratio,Average Conductance Value
0.00945328693000638,2.4353500066354172e-05
