Average Input Nonzero Ratio,Average Conductance Value
0.11983429655736806,1.5227388530547614e-05
