Average Input Nonzero Ratio,Average Conductance Value
0.024709808583162268,1.651517709433392e-05
