Average Input Nonzero Ratio,Average Conductance Value
0.04622698803337253,3.7930421967757866e-05
