Average Input Nonzero Ratio,Average Conductance Value
0.13464869285116388,1.2131979474361287e-05
