Average Input Nonzero Ratio,Average Conductance Value
0.027503733732262434,1.4310701089925715e-05
