Average Input Nonzero Ratio,Average Conductance Value
0.053096771240234375,6.843272058176808e-05
