Average Input Nonzero Ratio,Average Conductance Value
0.17235318819681805,9.401744307524496e-06
