Average Input Nonzero Ratio,Average Conductance Value
0.05453403790791829,6.348369510078555e-06
