Average Input Nonzero Ratio,Average Conductance Value
0.23107663790384927,1.2736041441030466e-05
