Average Input Nonzero Ratio,Average Conductance Value
0.23704242706298828,1.3414787588317267e-05
