Average Input Nonzero Ratio,Average Conductance Value
0.33325719833374023,7.928537883117315e-06
