Average Input Nonzero Ratio,Average Conductance Value
0.0025153954823811846,2.8607330762042693e-06
