Average Input Nonzero Ratio,Average Conductance Value
0.32056474685668945,9.616819227176165e-06
