Average Input Nonzero Ratio,Average Conductance Value
0.23704242706298828,8.071430187328588e-06
