Average Input Nonzero Ratio,Average Conductance Value
0.23704242706298828,1.053693287644819e-05
