Average Input Nonzero Ratio,Average Conductance Value
0.0006471474965413412,4.600725418413276e-06
