Average Input Nonzero Ratio,Average Conductance Value
0.0008242925008138021,6.004802514780749e-06
