Average Input Nonzero Ratio,Average Conductance Value
0.18584171930948892,5.675726384879454e-06
