Average Input Nonzero Ratio,Average Conductance Value
0.006446480751037598,1.1125759158403525e-06
