Average Input Nonzero Ratio,Average Conductance Value
0.30899818738301593,1.0272548649936653e-05
