Average Input Nonzero Ratio,Average Conductance Value
0.021675248940785728,1.1112483662145678e-06
