Average Input Nonzero Ratio,Average Conductance Value
0.17302370071411133,9.546344813315955e-06
