Average Input Nonzero Ratio,Average Conductance Value
0.23107663790384927,9.965969496761318e-06
