Average Input Nonzero Ratio,Average Conductance Value
0.3079734643300374,2.9546924622536608e-06
