Average Input Nonzero Ratio,Average Conductance Value
0.31350334485371906,1.1943498464006552e-05
