Average Input Nonzero Ratio,Average Conductance Value
0.009081562360127768,1.113307149580578e-06
