Average Input Nonzero Ratio,Average Conductance Value
0.00403138001759847,1.1117512599412294e-06
