Average Input Nonzero Ratio,Average Conductance Value
0.0008920033772786459,9.368422638544871e-06
