Average Input Nonzero Ratio,Average Conductance Value
0.11413719256718953,1.1113594382550218e-06
