Average Input Nonzero Ratio,Average Conductance Value
0.17235318819681805,8.745148477373732e-06
