Average Input Nonzero Ratio,Average Conductance Value
0.23473294576009113,1.1512243247580045e-06
