Average Input Nonzero Ratio,Average Conductance Value
0.0034843087196350098,1.1243310495956393e-06
