Average Input Nonzero Ratio,Average Conductance Value
0.34356458981831867,7.870272611398832e-06
