Average Input Nonzero Ratio,Average Conductance Value
0.020428578058878582,1.1224005987742203e-05
