Average Input Nonzero Ratio,Average Conductance Value
0.05453403790791829,1.1938212935547199e-05
