Average Input Nonzero Ratio,Average Conductance Value
0.014978567759195963,7.183006204058984e-06
