Average Input Nonzero Ratio,Average Conductance Value
0.00020066897074381512,9.329463892981948e-06
