Average Input Nonzero Ratio,Average Conductance Value
0.0022528966267903647,7.001446391541322e-06
