Average Input Nonzero Ratio,Average Conductance Value
0.020428578058878582,4.591879587678704e-06
