Average Input Nonzero Ratio,Average Conductance Value
0.0022650957107543945,1.1113068580925756e-06
