Average Input Nonzero Ratio,Average Conductance Value
0.00014209747314453125,7.872474640180371e-06
