Average Input Nonzero Ratio,Average Conductance Value
0.18584171930948892,1.3727589362133585e-05
