Average Input Nonzero Ratio,Average Conductance Value
0.026669263839721676,1.1121255454327184e-06
