Average Input Nonzero Ratio,Average Conductance Value
0.0027411778767903647,4.391164225125976e-06
