Average Input Nonzero Ratio,Average Conductance Value
0.020428578058878582,7.561516980558736e-06
