Average Input Nonzero Ratio,Average Conductance Value
0.0859380563100179,1.1478539704512514e-05
