Average Input Nonzero Ratio,Average Conductance Value
0.17302370071411133,9.735410003486322e-06
