Average Input Nonzero Ratio,Average Conductance Value
0.009488741556803385,5.592893302264201e-06
