Average Input Nonzero Ratio,Average Conductance Value
0.23107663790384927,1.0286583886909284e-05
