Average Input Nonzero Ratio,Average Conductance Value
0.1406672795613607,1.3177840429534626e-05
