Average Input Nonzero Ratio,Average Conductance Value
0.17235318819681805,1.0707565252232598e-05
