Average Input Nonzero Ratio,Average Conductance Value
0.005357881387074788,1.1508851684993715e-06
