Average Input Nonzero Ratio,Average Conductance Value
0.05453403790791829,3.2128440068390773e-06
