Average Input Nonzero Ratio,Average Conductance Value
0.0859380563100179,1.1156359931874249e-05
