Average Input Nonzero Ratio,Average Conductance Value
0.013850073019663492,1.1113302207377274e-06
