Average Input Nonzero Ratio,Average Conductance Value
0.18584171930948892,1.287951849349156e-05
