Average Input Nonzero Ratio,Average Conductance Value
0.006625632445017496,1.1113770312931592e-06
