Average Input Nonzero Ratio,Average Conductance Value
0.20480902989705405,1.362286917583333e-05
