Average Input Nonzero Ratio,Average Conductance Value
0.17302370071411133,1.250531732921445e-05
