Average Input Nonzero Ratio,Average Conductance Value
0.20480902989705405,1.0866177120760767e-05
