Average Input Nonzero Ratio,Average Conductance Value
0.1921397844950358,1.0829174840409905e-05
