Average Input Nonzero Ratio,Average Conductance Value
0.04119245211283366,1.1129739903026348e-06
