Average Input Nonzero Ratio,Average Conductance Value
0.47941354910532635,4.484214457534108e-06
