Average Input Nonzero Ratio,Average Conductance Value
0.46604756514231366,4.676858168295439e-06
