Average Input Nonzero Ratio,Average Conductance Value
0.47416698932647705,4.927327950099425e-06
