Average Input Nonzero Ratio,Average Conductance Value
0.47895133495330805,4.487554235765856e-06
