Average Input Nonzero Ratio,Average Conductance Value
0.42109203338623047,2.912307479618903e-06
