Average Input Nonzero Ratio,Average Conductance Value
0.46407481034596765,4.7533077918160416e-06
