Average Input Nonzero Ratio,Average Conductance Value
0.0030801892280578613,2.4245046006399207e-06
