Average Input Nonzero Ratio,Average Conductance Value
0.47416698932647705,4.6191794353944715e-06
