Average Input Nonzero Ratio,Average Conductance Value
0.47941354910532635,4.399938973165263e-06
