Average Input Nonzero Ratio,Average Conductance Value
0.5116235017776489,3.8098182244539203e-06
