Average Input Nonzero Ratio,Average Conductance Value
0.34115739663441974,4.502384058469033e-06
