Average Input Nonzero Ratio,Average Conductance Value
0.5400076011816661,2.2898131533111155e-06
