Average Input Nonzero Ratio,Average Conductance Value
0.48931618531545007,4.566506106584711e-06
