Average Input Nonzero Ratio,Average Conductance Value
0.41546682516733807,3.7784245137117978e-06
