Average Input Nonzero Ratio,Average Conductance Value
0.45771157741546636,4.510459575612913e-06
