Average Input Nonzero Ratio,Average Conductance Value
0.48931618531545007,4.613852297552512e-06
