Average Input Nonzero Ratio,Average Conductance Value
0.46604756514231366,4.8210019372163515e-06
