Average Input Nonzero Ratio,Average Conductance Value
0.31037199497222906,3.7302919508874766e-06
