Average Input Nonzero Ratio,Average Conductance Value
0.48771794637044275,4.414893396642583e-06
