Average Input Nonzero Ratio,Average Conductance Value
0.48517381151517225,2.6567331588012166e-06
