Average Input Nonzero Ratio,Average Conductance Value
0.48931618531545007,4.698114878465276e-06
