Average Input Nonzero Ratio,Average Conductance Value
0.4178056716918946,4.6184603093024634e-06
