Average Input Nonzero Ratio,Average Conductance Value
0.4824488162994385,2.1978975155434455e-06
