Average Input Nonzero Ratio,Average Conductance Value
0.002401898304621379,2.208837088346627e-06
