Average Input Nonzero Ratio,Average Conductance Value
0.4822194973627726,4.4792413973482326e-06
