Average Input Nonzero Ratio,Average Conductance Value
0.48375121752421063,3.7122002822798095e-06
