Average Input Nonzero Ratio,Average Conductance Value
0.004048059384028117,2.470578522206779e-06
