Average Input Nonzero Ratio,Average Conductance Value
0.46604756514231366,4.645920967050188e-06
