Average Input Nonzero Ratio,Average Conductance Value
0.46969377994537354,4.0827247289598745e-06
