Average Input Nonzero Ratio,Average Conductance Value
0.48276170094807946,4.242555576183804e-06
