Average Input Nonzero Ratio,Average Conductance Value
0.4957523941993714,2.2013368834450375e-06
