Average Input Nonzero Ratio,Average Conductance Value
0.39167269070943195,4.313807210110099e-06
