Average Input Nonzero Ratio,Average Conductance Value
0.43343997001647955,4.431970921814354e-06
