Average Input Nonzero Ratio,Average Conductance Value
0.47941354910532635,4.698314057804964e-06
