Average Input Nonzero Ratio,Average Conductance Value
0.29179451862970984,2.801955872655526e-06
