Average Input Nonzero Ratio,Average Conductance Value
0.02245350273288026,6.303855457190366e-06
