Average Input Nonzero Ratio,Average Conductance Value
0.025806543778400033,2.759675794550276e-06
