Average Input Nonzero Ratio,Average Conductance Value
0.12716807151327328,4.777062088123785e-06
