Average Input Nonzero Ratio,Average Conductance Value
0.052113786035654495,7.058434135842617e-06
