Average Input Nonzero Ratio,Average Conductance Value
0.02774405965999681,5.2885435479765874e-06
