Average Input Nonzero Ratio,Average Conductance Value
0.015687952236253386,2.1140971000477293e-06
