Average Input Nonzero Ratio,Average Conductance Value
0.02919753716916454,3.459719437159947e-06
