Average Input Nonzero Ratio,Average Conductance Value
0.006234305245535714,4.583528806278991e-06
