Average Input Nonzero Ratio,Average Conductance Value
0.11839078397166972,2.1941863508345705e-06
