Average Input Nonzero Ratio,Average Conductance Value
0.006418422776825574,2.8800126585792896e-06
