Average Input Nonzero Ratio,Average Conductance Value
0.02919753716916454,8.023132920698117e-06
