Average Input Nonzero Ratio,Average Conductance Value
0.12716807151327328,5.9361098578847304e-06
