Average Input Nonzero Ratio,Average Conductance Value
0.014887556737783005,3.6476741058777407e-06
