Average Input Nonzero Ratio,Average Conductance Value
0.010938138377909757,5.6974970448209206e-06
