Average Input Nonzero Ratio,Average Conductance Value
0.052113786035654495,4.783330922464302e-06
