Average Input Nonzero Ratio,Average Conductance Value
0.01526929894272162,3.990692789557215e-06
