Average Input Nonzero Ratio,Average Conductance Value
0.10003576473313934,2.7050354844959656e-06
