Average Input Nonzero Ratio,Average Conductance Value
0.04654292671047911,4.101262646827308e-06
