Average Input Nonzero Ratio,Average Conductance Value
0.031738748355787626,4.461196340344031e-06
