Average Input Nonzero Ratio,Average Conductance Value
0.053089141845703125,2.7824727794723003e-05
