Average Input Nonzero Ratio,Average Conductance Value
0.4538326912185772,2.3147349565988407e-05
