Average Input Nonzero Ratio,Average Conductance Value
0.4798521200815837,2.4989796912677775e-05
