Average Input Nonzero Ratio,Average Conductance Value
0.47452918688456214,2.565349416272511e-05
