Average Input Nonzero Ratio,Average Conductance Value
0.4663121700286865,2.1223970207984166e-05
