Average Input Nonzero Ratio,Average Conductance Value
0.6956851879755656,1.0560472432530332e-05
