Average Input Nonzero Ratio,Average Conductance Value
0.4798521200815837,2.3189863910033637e-05
