Average Input Nonzero Ratio,Average Conductance Value
0.4178035259246826,2.2195780474021376e-05
