Average Input Nonzero Ratio,Average Conductance Value
0.47452918688456214,2.217630606082821e-05
