Average Input Nonzero Ratio,Average Conductance Value
0.47080457210540777,2.369622015407913e-05
