Average Input Nonzero Ratio,Average Conductance Value
0.46612509091695153,2.2485576323560963e-05
