Average Input Nonzero Ratio,Average Conductance Value
0.002468983332316081,4.864926339109843e-06
