Average Input Nonzero Ratio,Average Conductance Value
0.47938028971354163,2.4652523663348802e-05
