Average Input Nonzero Ratio,Average Conductance Value
0.4795194864273071,2.1025878496061523e-05
