Average Input Nonzero Ratio,Average Conductance Value
0.48002239068349206,2.1264599666892536e-05
