Average Input Nonzero Ratio,Average Conductance Value
0.3104112943013509,1.6351194901176314e-05
