Average Input Nonzero Ratio,Average Conductance Value
0.5393091142177582,6.2647383316516425e-06
