Average Input Nonzero Ratio,Average Conductance Value
0.47994363307952875,2.4216358397666227e-05
