Average Input Nonzero Ratio,Average Conductance Value
0.47832981745402015,2.106295291071092e-05
