Average Input Nonzero Ratio,Average Conductance Value
0.48534307877222693,4.662650809450497e-06
