Average Input Nonzero Ratio,Average Conductance Value
0.45164334774017334,2.2282534942519305e-05
