Average Input Nonzero Ratio,Average Conductance Value
0.39164944489796955,1.9666425870923376e-05
