Average Input Nonzero Ratio,Average Conductance Value
0.4892905155817668,2.1681466591871867e-05
