Average Input Nonzero Ratio,Average Conductance Value
0.004213154315948486,8.966319370529163e-06
