Average Input Nonzero Ratio,Average Conductance Value
0.4892905155817668,2.2161770658613023e-05
