Average Input Nonzero Ratio,Average Conductance Value
0.4795194864273071,2.0348394457414543e-05
