Average Input Nonzero Ratio,Average Conductance Value
0.48002239068349206,2.475204728114022e-05
