Average Input Nonzero Ratio,Average Conductance Value
0.2917803625265757,1.1580330735228017e-05
