Average Input Nonzero Ratio,Average Conductance Value
0.4816300868988037,2.1001703572665065e-05
