Average Input Nonzero Ratio,Average Conductance Value
0.4595982233683268,2.1274518417158106e-05
