Average Input Nonzero Ratio,Average Conductance Value
0.48002239068349206,2.3024377100000493e-05
