Average Input Nonzero Ratio,Average Conductance Value
0.48519032200177514,1.0634300082301706e-05
