Average Input Nonzero Ratio,Average Conductance Value
0.46612509091695153,2.4432347913716512e-05
