Average Input Nonzero Ratio,Average Conductance Value
0.47938028971354163,2.162234730462842e-05
