Average Input Nonzero Ratio,Average Conductance Value
0.43551174799601233,2.0502231606656096e-05
