Average Input Nonzero Ratio,Average Conductance Value
0.46612509091695153,2.2772205724663763e-05
