Average Input Nonzero Ratio,Average Conductance Value
0.47994363307952875,2.229956133703581e-05
