Average Input Nonzero Ratio,Average Conductance Value
0.47994363307952875,2.2425193535013932e-05
