Average Input Nonzero Ratio,Average Conductance Value
0.48374911149342853,1.630126038776325e-05
