Average Input Nonzero Ratio,Average Conductance Value
0.47938028971354163,2.1690065310053797e-05
