Average Input Nonzero Ratio,Average Conductance Value
0.47155968348185223,2.2771043802549684e-05
