Average Input Nonzero Ratio,Average Conductance Value
0.4795194864273071,2.3068127418923723e-05
