Average Input Nonzero Ratio,Average Conductance Value
0.47452918688456214,2.181680405044517e-05
