Average Input Nonzero Ratio,Average Conductance Value
0.00303990642229716,8.329054551836634e-06
