Average Input Nonzero Ratio,Average Conductance Value
0.48936732610066735,1.9420165983774496e-05
