Average Input Nonzero Ratio,Average Conductance Value
0.3333264191945394,2.2123410360563867e-05
