Average Input Nonzero Ratio,Average Conductance Value
0.4536271095275879,1.8438921472352376e-05
