Average Input Nonzero Ratio,Average Conductance Value
0.34181316693623853,2.1120318706380203e-05
