Average Input Nonzero Ratio,Average Conductance Value
0.4256601333618164,1.2244352220136534e-05
