Average Input Nonzero Ratio,Average Conductance Value
0.4663121700286865,2.3320864642073502e-05
