Average Input Nonzero Ratio,Average Conductance Value
0.4663121700286865,2.3602298071523364e-05
