Average Input Nonzero Ratio,Average Conductance Value
0.4892905155817668,2.3036679266397186e-05
