Average Input Nonzero Ratio,Average Conductance Value
0.0597920815149943,1.0352719982620329e-05
