Average Input Nonzero Ratio,Average Conductance Value
0.07029533386230469,9.971805411623791e-06
