Average Input Nonzero Ratio,Average Conductance Value
0.06637756029764812,1.0290865247952752e-05
