Average Input Nonzero Ratio,Average Conductance Value
0.05211520195007324,9.832940122578293e-06
