Average Input Nonzero Ratio,Average Conductance Value
0.5312152438693577,1.3497439340426354e-05
