Average Input Nonzero Ratio,Average Conductance Value
0.20297698179880777,1.046335682985955e-05
