Average Input Nonzero Ratio,Average Conductance Value
0.37493642171223956,1.6084404705907218e-05
