Average Input Nonzero Ratio,Average Conductance Value
0.06584485371907552,1.0550143542786827e-05
