Average Input Nonzero Ratio,Average Conductance Value
0.04040194141621493,2.336774196010083e-05
