Average Input Nonzero Ratio,Average Conductance Value
0.06602271722287548,2.6567790700937622e-05
