Average Input Nonzero Ratio,Average Conductance Value
0.031915158641581634,4.7314663243014364e-05
