Average Input Nonzero Ratio,Average Conductance Value
0.04040194141621493,4.6727529115742074e-05
