Average Input Nonzero Ratio,Average Conductance Value
0.09108409492336975,6.167064639157615e-05
