Average Input Nonzero Ratio,Average Conductance Value
0.04319839477539063,5.197708887862973e-05
