Average Input Nonzero Ratio,Average Conductance Value
0.02376640475526148,2.973386253870558e-05
