Average Input Nonzero Ratio,Average Conductance Value
0.061270437435227997,3.131296107312664e-05
