Average Input Nonzero Ratio,Average Conductance Value
0.041233740047532684,2.911238043452613e-05
