Average Input Nonzero Ratio,Average Conductance Value
0.05870730341697226,5.200268788030371e-05
