Average Input Nonzero Ratio,Average Conductance Value
0.04422847202845982,4.7302259918069464e-05
