Average Input Nonzero Ratio,Average Conductance Value
0.06617548417071907,6.283122711465694e-05
