Average Input Nonzero Ratio,Average Conductance Value
0.042317168566645406,1.557571995363105e-05
