Average Input Nonzero Ratio,Average Conductance Value
0.09108409492336975,4.4297285057837144e-05
