Average Input Nonzero Ratio,Average Conductance Value
0.05583343505859376,5.962612631265074e-05
