Average Input Nonzero Ratio,Average Conductance Value
0.08070846869021045,5.9874256839975716e-05
