Average Input Nonzero Ratio,Average Conductance Value
0.06617548417071907,4.629027025657706e-05
