Average Input Nonzero Ratio,Average Conductance Value
0.10854386310188138,2.3363048603641802e-05
