Average Input Nonzero Ratio,Average Conductance Value
0.2345977783203125,0.00010740941215772181
