Average Input Nonzero Ratio,Average Conductance Value
0.5397165000033216,5.3153410408413035e-05
