Average Input Nonzero Ratio,Average Conductance Value
0.051703745005082104,1.3233109541488375e-06
