Average Input Nonzero Ratio,Average Conductance Value
0.11843496439408283,1.058878694948362e-06
