Average Input Nonzero Ratio,Average Conductance Value
0.006073348376215721,1.1887692892287305e-06
