Average Input Nonzero Ratio,Average Conductance Value
0.03180363713478556,1.1821187797522725e-06
