Average Input Nonzero Ratio,Average Conductance Value
0.12720064241058973,1.262298781057325e-06
