Average Input Nonzero Ratio,Average Conductance Value
0.10003576473313934,1.0866497177630663e-06
