Average Input Nonzero Ratio,Average Conductance Value
0.0064287769551179845,1.0961611280890793e-06
