Average Input Nonzero Ratio,Average Conductance Value
0.010776831179249043,1.249326345487134e-06
