Average Input Nonzero Ratio,Average Conductance Value
0.027343555372588486,1.2270955096482794e-06
