Average Input Nonzero Ratio,Average Conductance Value
0.01565824236188616,1.054524886967556e-06
