Average Input Nonzero Ratio,Average Conductance Value
0.025850626887107382,1.0896200706156378e-06
