Average Input Nonzero Ratio,Average Conductance Value
0.014637207498355786,1.1378938609141187e-06
