Average Input Nonzero Ratio,Average Conductance Value
0.021796751995475927,1.2822905262055428e-06
