Average Input Nonzero Ratio,Average Conductance Value
0.051703745005082104,1.1996308444395254e-06
