Average Input Nonzero Ratio,Average Conductance Value
0.12720064241058973,1.1992900965651643e-06
