Average Input Nonzero Ratio,Average Conductance Value
0.046245497100207276,1.162552052846877e-06
