Average Input Nonzero Ratio,Average Conductance Value
0.02899543606505102,1.3757541807990492e-06
