Average Input Nonzero Ratio,Average Conductance Value
0.015035979601801659,1.1565407476155087e-06
