Average Input Nonzero Ratio,Average Conductance Value
0.052707672119140625,2.4522168757812324e-06
