Average Input Nonzero Ratio,Average Conductance Value
0.4538326912185772,2.1979433597607567e-06
