Average Input Nonzero Ratio,Average Conductance Value
0.038695573806762695,0.15818270295858383
