Average Input Nonzero Ratio,Average Conductance Value
0.5200405120849609,0.051215749233961105
