Average Input Nonzero Ratio,Average Conductance Value
0.060642361640930176,0.11531896889209747
