Average Input Nonzero Ratio,Average Conductance Value
0.05477660894393921,0.14780724979937077
