Average Input Nonzero Ratio,Average Conductance Value
0.01987224817276001,0.0926301907747984
