Average Input Nonzero Ratio,Average Conductance Value
0.02718830108642578,0.010771824978291988
