Average Input Nonzero Ratio,Average Conductance Value
0.009017914533615112,0.03133694361895323
