Average Input Nonzero Ratio,Average Conductance Value
0.10849380493164062,0.6990968883037567
