Average Input Nonzero Ratio,Average Conductance Value
0.07241201400756836,4.882905977865448e-05
