Average Input Nonzero Ratio,Average Conductance Value
0.07440408070882161,4.6199166717997286e-05
