Average Input Nonzero Ratio,Average Conductance Value
0.18991655111312866,4.8451946895511355e-05
