Average Input Nonzero Ratio,Average Conductance Value
0.06347588698069255,4.7906155486998614e-05
