Average Input Nonzero Ratio,Average Conductance Value
0.37905120849609375,7.586170340800891e-05
