Average Input Nonzero Ratio,Average Conductance Value
0.05537970860799154,4.553935923468089e-05
