Average Input Nonzero Ratio,Average Conductance Value
0.027502059936523438,6.181684329931159e-05
