Average Input Nonzero Ratio,Average Conductance Value
0.04622702695885483,7.135428131732624e-05
