Average Input Nonzero Ratio,Average Conductance Value
0.022690636771065847,7.00812743161805e-05
