Average Input Nonzero Ratio,Average Conductance Value
0.13464869285116388,6.055375524738338e-05
