Average Input Nonzero Ratio,Average Conductance Value
0.04622702695885483,6.812723040638957e-05
