Average Input Nonzero Ratio,Average Conductance Value
0.13907800401960102,6.426667187042767e-05
