Average Input Nonzero Ratio,Average Conductance Value
0.005972181047712054,6.0267238040978555e-05
