Average Input Nonzero Ratio,Average Conductance Value
0.015618226966079401,6.206478246895131e-05
