Average Input Nonzero Ratio,Average Conductance Value
0.026889119829450334,6.364092860167148e-05
