Average Input Nonzero Ratio,Average Conductance Value
0.027919535734215562,6.567857781192288e-05
