Average Input Nonzero Ratio,Average Conductance Value
0.04680518714749083,6.287353608058766e-05
