Average Input Nonzero Ratio,Average Conductance Value
0.024709808583162268,6.236062381503871e-05
