Average Input Nonzero Ratio,Average Conductance Value
0.009451652059749682,6.565185503859539e-05
