Average Input Nonzero Ratio,Average Conductance Value
0.11983429655736806,6.191152351675555e-05
