Average Input Nonzero Ratio,Average Conductance Value
0.018942959454594826,6.037486446075491e-05
