Average Input Nonzero Ratio,Average Conductance Value
0.13907800401960102,7.113674655556679e-05
