Average Input Nonzero Ratio,Average Conductance Value
0.027502059936523438,7.291707515832968e-05
