Average Input Nonzero Ratio,Average Conductance Value
0.05312347412109375,7.443734284606762e-05
