Average Input Nonzero Ratio,Average Conductance Value
0.04009648164113363,1.2751164604196674e-05
