Average Input Nonzero Ratio,Average Conductance Value
0.0321965217590332,1.2808049177692737e-05
