Average Input Nonzero Ratio,Average Conductance Value
0.03813274701436361,1.2692325981333852e-05
