Average Input Nonzero Ratio,Average Conductance Value
0.02371954917907715,1.2579637541421107e-05
