Average Input Nonzero Ratio,Average Conductance Value
0.02551110585530599,1.2540524267024011e-05
