Average Input Nonzero Ratio,Average Conductance Value
0.29741160074869794,1.2724115549644921e-05
