Average Input Nonzero Ratio,Average Conductance Value
0.057367960611979164,8.64798785187304e-05
