Average Input Nonzero Ratio,Average Conductance Value
0.3697509765625,0.00010666894619741167
