Average Input Nonzero Ratio,Average Conductance Value
0.12420396010080974,8.859356360820432e-05
