Average Input Nonzero Ratio,Average Conductance Value
0.062416911125183105,8.855126361595467e-05
