Average Input Nonzero Ratio,Average Conductance Value
0.015670581739775986,1.5145511724767857e-06
