Average Input Nonzero Ratio,Average Conductance Value
0.027176526128029337,2.7976341243629577e-06
