Average Input Nonzero Ratio,Average Conductance Value
0.014648709978376117,2.1359530819609063e-06
