Average Input Nonzero Ratio,Average Conductance Value
0.05157079502027862,3.5945120089309057e-06
