Average Input Nonzero Ratio,Average Conductance Value
0.015087828344228317,2.269675178467878e-06
