Average Input Nonzero Ratio,Average Conductance Value
0.010717197340361927,2.950719022010162e-06
