Average Input Nonzero Ratio,Average Conductance Value
0.028999601091657366,3.915789989150653e-06
