Average Input Nonzero Ratio,Average Conductance Value
0.028999601091657366,2.0509336309260107e-06
