Average Input Nonzero Ratio,Average Conductance Value
0.03161021641322545,2.5031285986187868e-06
