Average Input Nonzero Ratio,Average Conductance Value
0.1183974888859963,1.5510778439420392e-06
