Average Input Nonzero Ratio,Average Conductance Value
0.021782622045400192,3.2253155950456858e-06
