Average Input Nonzero Ratio,Average Conductance Value
0.05217742919921875,1.8573986380943097e-05
