Average Input Nonzero Ratio,Average Conductance Value
0.0703592300415039,2.6244076423154183e-07
