Average Input Nonzero Ratio,Average Conductance Value
0.05134193102518717,2.589806982200571e-07
