Average Input Nonzero Ratio,Average Conductance Value
0.058709184328715004,2.719315688182178e-07
