Average Input Nonzero Ratio,Average Conductance Value
0.3731842041015625,4.1474282852504984e-07
