Average Input Nonzero Ratio,Average Conductance Value
0.20297698179880777,2.746882188375821e-07
