Average Input Nonzero Ratio,Average Conductance Value
0.06519643465677898,2.703904016243541e-07
