Average Input Nonzero Ratio,Average Conductance Value
0.015243218869579082,1.272498434445879e-05
