Average Input Nonzero Ratio,Average Conductance Value
0.05195623514603596,1.3475054402078968e-05
