Average Input Nonzero Ratio,Average Conductance Value
0.01480916081642618,1.240037227034918e-05
