Average Input Nonzero Ratio,Average Conductance Value
0.027596804560447226,1.3953140523881302e-05
