Average Input Nonzero Ratio,Average Conductance Value
0.10003576473313934,1.1508345551192178e-05
