Average Input Nonzero Ratio,Average Conductance Value
0.022263702081174265,1.4913939821781241e-05
