Average Input Nonzero Ratio,Average Conductance Value
0.04645435177550024,1.2829607840103563e-05
