Average Input Nonzero Ratio,Average Conductance Value
0.006178680731325733,1.3285979775901069e-05
