Average Input Nonzero Ratio,Average Conductance Value
0.12717221707713847,1.346912335975503e-05
