Average Input Nonzero Ratio,Average Conductance Value
0.010902794039979274,1.4340137568069622e-05
