Average Input Nonzero Ratio,Average Conductance Value
0.015684818734928052,1.094913591259683e-05
