Average Input Nonzero Ratio,Average Conductance Value
0.05195623514603596,1.5628004121026606e-05
