Average Input Nonzero Ratio,Average Conductance Value
0.02916016870615434,1.6540901924599893e-05
