Average Input Nonzero Ratio,Average Conductance Value
0.02581257722815689,1.1560052371351048e-05
