Average Input Nonzero Ratio,Average Conductance Value
0.11839691473513235,1.1024924788216595e-05
