Average Input Nonzero Ratio,Average Conductance Value
0.031753306486168684,1.3170215652280604e-05
