Average Input Nonzero Ratio,Average Conductance Value
0.02916016870615434,1.2222509440107387e-05
