Average Input Nonzero Ratio,Average Conductance Value
0.006458905278419962,1.167393452305987e-05
