Average Input Nonzero Ratio,Average Conductance Value
0.12717221707713847,1.4565938272426138e-05
