Average Input Nonzero Ratio,Average Conductance Value
0.052631378173828125,3.527932858560234e-05
