Average Input Nonzero Ratio,Average Conductance Value
0.06745163599650066,5.959577265457483e-05
