Average Input Nonzero Ratio,Average Conductance Value
0.12420396010080974,5.917613998462912e-05
