Average Input Nonzero Ratio,Average Conductance Value
0.05593482653299967,5.845374835189432e-05
