Average Input Nonzero Ratio,Average Conductance Value
0.06435060501098633,5.931138093728805e-05
