Average Input Nonzero Ratio,Average Conductance Value
0.06668917338053386,5.825825792271644e-05
