Average Input Nonzero Ratio,Average Conductance Value
0.07500394185384114,5.901717668166384e-05
