Average Input Nonzero Ratio,Average Conductance Value
0.04639055291000678,2.4154104494300555e-06
