Average Input Nonzero Ratio,Average Conductance Value
0.12718139375959123,2.6703188495957875e-06
