Average Input Nonzero Ratio,Average Conductance Value
0.015677111489432197,2.1393412907855236e-06
