Average Input Nonzero Ratio,Average Conductance Value
0.029068654897261636,2.9602603603962052e-06
