Average Input Nonzero Ratio,Average Conductance Value
0.01087359992825255,2.6371681087766774e-06
