Average Input Nonzero Ratio,Average Conductance Value
0.0274827528973015,2.5803548169278656e-06
