Average Input Nonzero Ratio,Average Conductance Value
0.025824916606046716,2.229029064437782e-06
