Average Input Nonzero Ratio,Average Conductance Value
0.051847263258330674,2.82623904013235e-06
