Average Input Nonzero Ratio,Average Conductance Value
0.02208098586724729,2.721408407069248e-06
