Average Input Nonzero Ratio,Average Conductance Value
0.12718139375959123,2.5092969053730485e-06
