Average Input Nonzero Ratio,Average Conductance Value
0.1184075219290597,2.1504677647499193e-06
