Average Input Nonzero Ratio,Average Conductance Value
0.029068654897261636,2.326283436104859e-06
