Average Input Nonzero Ratio,Average Conductance Value
0.006143414244359853,2.482410081938724e-06
