Average Input Nonzero Ratio,Average Conductance Value
0.03176934378487723,2.4654147523506253e-06
