Average Input Nonzero Ratio,Average Conductance Value
0.006454857028260523,2.245745349682693e-06
