Average Input Nonzero Ratio,Average Conductance Value
0.10003576473313934,2.221437966909434e-06
