Average Input Nonzero Ratio,Average Conductance Value
0.051847263258330674,2.5101676328631584e-06
