Average Input Nonzero Ratio,Average Conductance Value
0.014743298900370695,2.352395256366435e-06
