Average Input Nonzero Ratio,Average Conductance Value
0.015155480832469707,2.4000492544473673e-06
