Average Input Nonzero Ratio,Average Conductance Value
0.052272796630859375,5.7112211493404175e-06
