Average Input Nonzero Ratio,Average Conductance Value
0.13907800401960102,3.801855746132787e-05
