Average Input Nonzero Ratio,Average Conductance Value
0.009451652059749682,2.4353500066354172e-05
