Average Input Nonzero Ratio,Average Conductance Value
0.027502059936523438,1.4310701089925715e-05
