Average Input Nonzero Ratio,Average Conductance Value
0.04680518714749083,1.7223067970917327e-05
