Average Input Nonzero Ratio,Average Conductance Value
0.026889119829450334,1.953227410922409e-05
