Average Input Nonzero Ratio,Average Conductance Value
0.027919535734215562,2.466967589498381e-05
