Average Input Nonzero Ratio,Average Conductance Value
0.04622702695885483,3.7930421967757866e-05
