Average Input Nonzero Ratio,Average Conductance Value
0.005972181047712054,1.0873664223254309e-05
