Average Input Nonzero Ratio,Average Conductance Value
0.04622702695885483,3.087200229856535e-05
