Average Input Nonzero Ratio,Average Conductance Value
0.022690636771065847,3.5973266676592175e-05
