Average Input Nonzero Ratio,Average Conductance Value
0.015618226966079401,1.556477263875422e-05
