Average Input Nonzero Ratio,Average Conductance Value
0.00670250094666773,2.2590632852370618e-05
