Average Input Nonzero Ratio,Average Conductance Value
0.03165902896803253,1.4637431377195753e-05
