Average Input Nonzero Ratio,Average Conductance Value
0.027502059936523438,4.265019379090518e-05
