Average Input Nonzero Ratio,Average Conductance Value
0.13907800401960102,2.1111135538376402e-05
