Average Input Nonzero Ratio,Average Conductance Value
0.05312347412109375,6.843272058176808e-05
