Average Input Nonzero Ratio,Average Conductance Value
0.07438699404398601,5.4010174608265515e-05
