Average Input Nonzero Ratio,Average Conductance Value
0.07404232025146484,5.2667217460111715e-05
