Average Input Nonzero Ratio,Average Conductance Value
0.06278622150421143,5.4282566452457104e-05
