Average Input Nonzero Ratio,Average Conductance Value
0.37741851806640625,8.073714707279578e-05
