Average Input Nonzero Ratio,Average Conductance Value
0.18991655111312866,5.479905394167872e-05
