Average Input Nonzero Ratio,Average Conductance Value
0.054656426111857094,5.204284389037639e-05
